俗名,拉丁学名,中文学名,目
花狮,Antennarius striatus,unk,副棘鳍总目
橙娃娃,Antennarius pictus,unk,副棘鳍总目
海草,Histrio histrio,unk,副棘鳍总目
黑娃娃,Antennarius commerson,unk,副棘鳍总目
花头,Antennarius tuberosus,unk,副棘鳍总目
黄娃娃,Antennarius maculatus,unk,副棘鳍总目
秘鲁娃,Antennarius avalonis,unk,副棘鳍总目
红娃娃,Antennarius biocellatus,unk,副棘鳍总目
白娃娃,Antennarius sp,unk,副棘鳍总目
石娃娃,Antennarius pauciradiatus,unk,副棘鳍总目
樱桃蛙,Synchiropus moyeri,unk,喉鳍目
火麒麟,Synchiropus stellatus,unk,喉鳍目
花斑青蛙,Cynchiropus ocellatus,unk,喉鳍目
五彩青蛙,Synchiropus splendidus,unk,喉鳍目
绿青蛙,Synchiropus picturatus,unk,喉鳍目
花青蛙,Dactylopus dactylopus,unk,喉鳍目
礁石蛙,Synchiropus morrisoni,unk,喉鳍目
蝠鳍蛙,Synchiropus ijimae,unk,喉鳍目
火凤蛙,Synchiropus sechellensis,unk,喉鳍目
纵带,Petroscirtes breviceps,unk,喉鳍目
剑齿,Aspidontus dussumieri,unk,喉鳍目
带鱼鳚,Xiphasia setifer,unk,喉鳍目
方格鳚,Hypsoblennius invemar,unk,喉鳍目
红纹, Cirripectes,unk,喉鳍目
纳氏异齿鳚,Ecsenius namiyei,unk,喉鳍目
线纹,Meiacanthus grammistes,unk,喉鳍目
黑鳃鳚,Cirripectes auritus,unk,喉鳍目
八重山异齿鳚,Ecsenius yaeyamaensis,unk,喉鳍目
阿氏鳚,Ecsenius aroni,unk,喉鳍目
艾氏小丑鳚,Ecsenius axelrodi,unk,喉鳍目
澳大利亚鳚,Ecsenius australianus,unk,喉鳍目
斑达梳齿鳚,Ecsenius bandanus,unk,喉鳍目
细纹凤鳚,Salarias fasciatus,unk,喉鳍目
月眉鸳鸯,Meiacanthus smithi,unk,喉鳍目
埃氏鳚,Plagiotremus ewaensis,unk,喉鳍目
汤氏鳚,Plagiotremus townsendi,unk,喉鳍目
黑线鸳鸯,Meiacanthus nigrolineatus,unk,喉鳍目
黑虾虎,Atrosalarias fuscus,unk,喉鳍目
金丝雀鳚,Meiacanthus oualanensis,unk,喉鳍目
蓝带横口鳚,Plagiotremus rhinorhynchos,unk,喉鳍目
红点动齿鳚,Blenniella chrysospilos,unk,喉鳍目
斯氏真蛇鳚,Ophioblennius steindachneri,unk,喉鳍目
冠毛鳚,Scartella cristata,unk,喉鳍目
双斑鳚,Ecsenius bimaculatus,unk,喉鳍目
蓝异齿鳚,Ecsenius lividanalis,unk,喉鳍目
大斑棘胎鳚,Acanthemblemaria macrospilus,unk,喉鳍目
帆背远鳚,Aidablennius sphynx,unk,喉鳍目
佐氏拟鳚,Parablennius zvonimiri,unk,喉鳍目
黑带横口鳚,Plagiotremus tapeinosoma,unk,喉鳍目
孔雀鳚,Salaria pavo,unk,喉鳍目
劳丹横口鳚,Plagiotremus laudandus,unk,喉鳍目
黑头鳚,Lipophrys nigriceps,unk,喉鳍目
红海模仿鳚,Ecsenius gravieri,unk,喉鳍目
黄眼梳齿鳚,Ecsenius melarchus,unk,喉鳍目
黄线喉盘鱼,Diademichthys lineatus,unk,奇鳍目
透明刀,Solenostomus spp,unk,棘鳍总目
鬼刀,Solenostomus cyanopterus,unk,棘鳍总目
彩刀,Solenostomus spp,unk,棘鳍总目
彩点刀,Solenostomus sp,unk,棘鳍总目
云白刀,Solenostomus armatus,unk,棘鳍总目
斑节龙,Doriorhamphus dactyliophorus,unk,棘鳍总目
赤节龙,Corythoichthys nigripectus,unk,棘鳍总目
竹纹花尾龙,Corythoichthys flavofassiatus,unk,棘鳍总目
多纹,Doriorhamphus multiannulatus,unk,棘鳍总目
白金龙,Corythoichthys schultzi,unk,棘鳍总目
孔雀鱼,Oncorhynchus mykiss,unk,胎鳉科
扭半鸟嘴鱵,Dermogenys pusillus,unk,胎鳉科
红绿灯,Paracheirodon innesi,拟唇齿脂鲤,脂鲤科
宝莲灯,Paracheirodon axelrodi,阿氏拟唇齿脂鲤,脂鲤科
柠檬灯,Hyphessobrycon pulchripinnis,丽鳍鲃脂鲤,脂鲤科
黑莲灯,Hyphessobrycon heterorhabdus,异纹鲃脂鲤,脂鲤科
蓝灯鱼,Boehlkea fredcochui,弗氏贝基脂鲤,脂鲤科
幻影灯,Hyphessobrycon eques,马鲃脂鲤,脂鲤科
黑影灯,Hyphessobrycon megalopterus,大鳍鲃脂鲤,脂鲤科
咖啡灯,Hyphessobrycon takasei,塔氏鲃脂鲤,脂鲤科
红裙鱼,Hyphessobrycon flammeus,火焰鲃脂鲤,脂鲤科
三带鱼,Hyphessobrycon amapaensis,亚马鲃脂鲤,脂鲤科
喷火灯,Hyphessobrycon amandae,爱鲃脂鲤,脂鲤科
金三角,Hyphessobrycon copelandi,柯氏鲃脂鲤,脂鲤科
凯蒂灯,Hyphessobrycon loweae,洛氏鲃脂鲤,脂鲤科
米罗灯,Hyphessobrycon minor,小鲃脂鲤,脂鲤科
红背血心,Hyphessobrycon pyrrhonotus,微红鲃脂鲤,脂鲤科
梦幻灯,Hyphessobrycon sweglesi,思维鲃脂鲤,脂鲤科
玫瑰扯旗,Hyphessobrycon rosaceus,玫瑰鲃脂鲤,脂鲤科
新大钩扯旗,Hyphessobryon socolifi,索氏鲃脂鲤,脂鲤科
信号灯,Hemigrammus ocellifer,眼点半线脂鲤,脂鲤科
美丽灯,Hemigrammus pulcher,丽半线脂鲤,脂鲤科
红灯管,Hemigrammus erythrozonus,红带半线脂鲤,脂鲤科
红笔剪刀,Hemigrammus rhodostomus,红吻半线脂鲤,脂鲤科
红十字,Hemigrammus caudovittatus,尾纹半线脂鲤,脂鲤科
黄金灯,Hemigrammus rodwayi,罗氏半线脂鲤,脂鲤科
公主灯,Hemigrammus ulreyi,黑带半线脂鲤,脂鲤科
绮丽灯,Hemigrammus schmardae,施氏半线脂鲤,脂鲤科
银线灯,Hemigrammus marginatus,黄边半线脂鲤,脂鲤科
一点灯,Hemigrammus stictus,斑半线脂鲤,脂鲤科
蓝线灯,Hemigrammus armstrongi,金半线脂鲤,脂鲤科
血心扯旗,Hyphessobrycon erythrostigma,高鳍鲃脂鲤,脂鲤科
银屏灯,Moenkhausia sanctaefilomenae,桑氏直线脂鲤,脂鲤科
钻石灯,Moenkhausia pittieri,闪光直线脂鲤,脂鲤科
大钩黑尾灯,Moenkhausia costae,柯氏直线脂鲤,脂鲤科
红眼钻石灯,Moenkhausia melogramma,黑纹直线脂鲤,脂鲤科
血鳍灯,Aphyocharax anisitsi,安氏细脂鲤,脂鲤科
飞凤灯,Aphyocharax paraguayensis,巴拉圭细脂鲤,脂鲤科
火兔灯,Aphyocharax rathbuni,拉氏细脂鲤,脂鲤科
火灵灯,Tucanoichthys tucano,图卡诺脂鲤,脂鲤科
迷你灯,Hasemania nana,银顶光尾裙鱼,脂鲤科
血翅灯,Brittanichthys axelrodi,壮高脂鲤,脂鲤科
月光灯,Serrapinnus kriegi,克氏锯鳍脂鲤,脂鲤科
绿莲灯,Paracheirodon simulans,近拟唇齿脂鲤,脂鲤科
露比灯,Axelrodia riesei,里氏阿克塞脂鲤,脂鲤科
萤火虫,Axelrodia stigmatias,眼点阿克塞脂鲤,脂鲤科
钻眼灯,Astyanax bimaculatus,大头丽脂鲤,脂鲤科
甘迪灯,Astyanax kennedyi,肯氏丽脂鲤,脂鲤科
利氏灯,Astyanax leopoldi,利氏丽脂鲤,脂鲤科
银板灯,Brachychalcinus orbicularis,圭亚那蜥脂鲤,脂鲤科
九间跳鲈,Characidium fasciatum,线纹溪脂鲤,脂鲤科
克氏灯,Cheirodron kriegi,克氏唇齿脂鲤,脂鲤科
龙王灯,Corynopoma riisei,剑尾脂鲤,脂鲤科
金国王灯,Coelurichthys microlepis,小鳞凹脂鲤,脂鲤科
银带灯,Gnathocharax steindachneri,斯氏颌脂鲤,脂鲤科
红头剪刀,Hemigrammus bleheri,布氏半线脂鲤,脂鲤科
红眼剪刀,Petitella georgiae,珀蒂鱼,脂鲤科
双线水晶灯,Heterocharax macrolepis,大鳞异脂鲤,脂鲤科
蓝帝灯,Hyphessobrycon cyanotaenia,蓝带鲃脂鲤,脂鲤科
金刚灯,Phenacogaster tegatus,塔格平腹脂鲤,脂鲤科
X光鱼,Pristella maxillaris,大颚细锯脂鲤,脂鲤科
龙船灯,Triportheus rotundatus,圆石斧脂鲤,脂鲤科
红蜻蜓,Iguanodectes adujai,阿氏蜥形脂鲤,脂鲤科
太阳灯,Nematobrycon lacortei,彩虹丝尾脂鲤,脂鲤科
帝王灯,Nematobrycon palmeri,巴氏丝尾脂鲤,脂鲤科
珍珠灯,Poecilocharax weitzmani,韦氏杂色脂鲤,脂鲤科
拐棍鱼,Thayeria boehlkei,博氏企鹅鱼,脂鲤科
企鹅鱼,Thayeria obliqua,斜企鹅鱼,脂鲤科
艾氏企鹅鱼,Thayeria ifati,艾氏企鹅鱼,脂鲤科
黑裙,Gymnocorymbus ternetzi,裸顶脂鲤,脂鲤科
红尾,Prionobrama filigera,玻璃锯脂鳊,脂鲤科
刚果扯旗,Phenacogrammus interruptus,断线脂鲤,脂鲤科
非洲灯,Hemigrammopetersius caudalis,尾非洲裙鱼,脂鲤科
三带铅笔鱼,Nannostomus trifasciatus,三带铅笔鱼,脂鲤科
绿线铅笔鱼,Nannostomus marilynae,绿线铅笔鱼,脂鲤科
五点铅笔鱼,Nannostomus espei,埃氏铅笔鱼,脂鲤科
红肚铅笔鱼,Nannostomus beckfordi,贝氏铅笔鱼,脂鲤科
一线铅笔鱼,Nannostomus unifasciatus,单线铅笔鱼,脂鲤科
火焰铅笔鱼,Nannostomus marginatus,短铅笔鱼,脂鲤科
光泽铅笔鱼,Nannostomus nitidus,光泽铅笔鱼,脂鲤科
二线铅笔鱼,Nannostomus digrammus,双线铅笔鱼,脂鲤科
尖嘴铅笔鱼,Nannostomus eques,管口铅笔鱼,脂鲤科
金线铅笔鱼,Nannostomus harrisoni,哈氏铅笔鱼,脂鲤科
红点脂鲤,Copeina guttata,短颌脂鲤,脂鲤科
咖啡燕子,Carnegiella marthae,黑翼飞脂鲤,脂鲤科
玻璃燕子,Carnegiella myersi,迈氏飞脂鲤,脂鲤科
迷你燕子,Carnegiella schereri,谢氏飞脂鲤,脂鲤科
阴阳燕子,Carnegiella strigata,飞脂鲤,脂鲤科
喷点燕子,Gasteropelecus levis,银胸斧鱼,脂鲤科
银点燕子,Gasteropelecus maculatus,点胸斧鱼,脂鲤科
银燕子,Gasteropelecus sternicla,胸斧鱼,脂鲤科
银斧鱼,Thoracocharax securis,银斧鱼,脂鲤科
大银斧鱼,Thoracocharax stellatus,星银斧鱼,脂鲤科
长须狮子鱼,Pterois volitans,unk,鮋形目
白针狮子鱼,Pterois radiata,unk,鮋形目
短须狮子鱼,Dendrochirus brachypterus,unk,鮋形目
象鼻狮子鱼,Dendrochirus biocellatus,unk,鮋形目
斑狮,Dendrochirus barberi,unk,鮋形目
石狗,Pterois antennata,unk,鮋形目
红斑狮,Pterois sphex,unk,鮋形目
灰石斑狮,Pterois miles,unk,鮋形目
石排狮,Pterois russelii,unk,鮋形目
蝠翼蛙,Dactyloptena orientalis,unk,鮋形目
蓝纹炮弹,Balistes vetula,unk,鲀形目
玻璃炮弹,Melichthys vidua,unk,鲀形目
小丑炮弹,Balistoides conspicillum,unk,鲀形目
毕加索,Rhinecanthus aculeatus,unk,鲀形目
黑肚炮弹,Rhinecanthus verrucosus,unk,鲀形目
皇后炮弹,Balistes stellatus,unk,鲀形目
橙纹炮弹（波纹鳞鲀）, Balistoides,unk,鲀形目
蓝面炮弹,Xanthichthys auromarginatus,unk,鲀形目
魔鬼炮弹,Odonus niger,unk,鲀形目
珍珠狗,Arothron hispidus,unk,鲀形目
火焰木盒,Anoplocapros lenticularis,unk,鲀形目
日本婆,Canthigaster compressa,unk,鲀形目
蒙面狗,Arothron diadematus,unk,鲀形目
花狗,Canthigast valentini,unk,鲀形目
武士牛角,aracana sp,unk,鲀形目
花木瓜,Ostracion meleagrig,unk,鲀形目
金木瓜,Ostracion cubicus,unk,鲀形目
灰狗,Arothron nigropunctatus,unk,鲀形目
牛角2,Lactoria cornuta,unk,鲀形目
紫喉,Anthias pascalus,unk,鲀形目
燕尾鲈,Pseudoanthias squamipinnis,unk,鲀形目
三色鲈,Pseudoanthias kashiwae,unk,鲀形目
金花鲈,Pseudanthias dispar,unk,鲀形目
皇冠老虎,Pseudoanthias lori,unk,鲀形目
珍珠燕,Serranocirrhitus latus,unk,鲀形目
火鹰,Neocirrhitus armatus,unk,鲀形目
血红鹰,Cirrhitops fasciatus,unk,鲀形目
斑点鹰,Paracirrhites forsteri,unk,鲀形目
红鹰,Cyprinocirrhites polyactus,unk,鲀形目
短嘴格,Cirrhititichthys falco,unk,鲀形目
白肚炮弹,Sufflamen chrysopterum,unk,鲀形目
镰刀炮弹,Sufflamen bursa,unk,鲀形目
红尾炮弹,Xanthichthys mento,unk,鲀形目
蓝纹炮弹,Pseudobalistes fuscus,unk,鲀形目
红牙鳞魨,Odonus niger,unk,鲀形目
小丑炮弹,Balistoides conspicillum,unk,鲀形目
尖嘴炮弹,Oxymonacanthus longirostris,unk,鲀形目
毛炮弹,Chaetodermis penicilligerus,unk,鲀形目
星星弹,Abalistes stellatus,unk,鲀形目
蓝点炮弹,Balistes punctatus,unk,鲀形目
马鞍珠点弹,Cantherhines macrocerus,unk,鲀形目
泰坦炮弹,Balistoides viridescens,unk,鲀形目
红尾炮弹2,Xanthichthys mento,unk,鲀形目
凹纹炮弹,Xanthichthys ringens,unk,鲀形目
黄肚炮弹,Sufflamen verres,unk,鲀形目
红肚炮弹3,Pervagor tomentosus,unk,鲀形目
园翅燕鱼,Platax pinnatus,unk,鲀形目
刺鲀,aracana sp.,unk,鲀形目
六角,tetrasomus gibbosus,unk,鲀形目
牛角,lactoria cornuta,unk,鲀形目
龙纹木瓜,aracana aurita,unk,鲀形目
花木瓜,ostracion meleagris,unk,鲀形目
黄木瓜,ostracion cubicus,unk,鲀形目
惠氏箱鲀,Ostracion whitleyi,unk,鲀形目
紫玉雷达,Nemateleotris helfrich,unk,鲈形目
雷达,Nemateleotris Magnifica,unk,鲈形目
红天线虾虎,Dicordipinna griessingeri,unk,鲈形目
熊猫鱼,Paragobius lacunicolus,unk,鲈形目
大帆鸳鸯,Opistognathus aurifrons,unk,鲈形目
蓝线鸳鸯,lythrypnus dalli,unk,鲈形目
橙仙,Holacanthus clarionensis,unk,鲈形目
蒙面神仙,Apolemichthys arcuatus,unk,鲈形目
蓝吊,Paracanthurus hepatus,unk,鲈形目
五线龙,Cirrhilabrus rubrinarginatus,unk,鲈形目
黑背心,Amphiprion percula,unk,鲈形目
公子小丑鱼,Amphiprion ocellaris,unk,鲈形目
金透红,Premnas biaculeatus,unk,鲈形目
黑小丑,Amphiprion percula,unk,鲈形目
金番茄,Amphiprion bicinctus,unk,鲈形目
橙公,Amphiprion sandaracinos,unk,鲈形目
红小丑,Amphiprion frenatus,unk,鲈形目
夏威夷宅尼鱼,Dascyllus trimaculatus,unk,鲈形目
皇家丝鲈,Royal Garamma,unk,鲈形目
长嘴格,Oxycirrhites typus,unk,鲈形目
斑金鹰,Cirrhitichtys aprinus,unk,鲈形目
白线格鹰,Paracirrhitus arcuatus,unk,鲈形目
双斑鹰,Amblycirrhites bimacula,unk,鲈形目
啫喱石斑,Cephalopholis fulva,unk,鲈形目
老鼠斑,Cromileptes altivelis,unk,鲈形目
东星斑,Cephalopholis miniata,unk,鲈形目
彗星斑,Calloplesiops altivelis,unk,鲈形目
斑马纹斑,Epinephelus dermatolepis,unk,鲈形目
龙胆,Epinephelus Ianceolatus,unk,鲈形目
黄点羊,Parupeneus indicus,unk,鲈形目
秋姑,Parupeneus barberinoides,unk,鲈形目
老爷羊,Parupeneus multifasciatus,unk,鲈形目
衫羊,Parupeneus chrysonemus,unk,鲈形目
大条真秋姑,Parupeneus barberinus,unk,鲈形目
黑草,Parupeneus macronema,unk,鲈形目
须哥,Parupeneus cyclostomus,unk,鲈形目
红鲈羊,Parupeneus rubescens,unk,鲈形目
白三间,Parupeneus spilurus,unk,鲈形目
红印,Parupeneus porphyreus,unk,鲈形目
红狐,Bodianus pulchellus,unk,鲈形目
紫狐,Bodianus rufus,unk,鲈形目
金点红狐,Bodianus diana,unk,鲈形目
红头黑间狐,Cheilinus fasciatus,unk,鲈形目
飞狐,Bodianus anthioides,unk,鲈形目
金背狐,Bodianus bimaculatus,unk,鲈形目
朱古力,Bodianus axillaris,unk,鲈形目
黄隆头,Bodianus bilunulatus,unk,鲈形目
白狐,Siganus magnificus,unk,鲈形目
金花,Apogon griffini,unk,鲈形目
红蜻蜓,Apogon pseudomaculatus,unk,鲈形目
蓝眼,Apogon aureus,unk,鲈形目
彩条玫瑰,Apogon cyanosoma,unk,鲈形目
泗水玫瑰,Pterapogon kauderni,unk,鲈形目
长刺玫瑰,Apogon leptacanthus,unk,鲈形目
黄天竺,Apogon multilineatus,unk,鲈形目
中线天竺鲷,Apogon kallopterus,unk,鲈形目
横条天竺,Apogon compressus,unk,鲈形目
斑尾钝（虾虎）,Amblygobius phalaena,unk,鲈形目
黑次郎,Stonogobiops pentafasciata,unk,鲈形目
蓝点鸳鸯,Opistognathus rosenblatti,unk,鲈形目
粉条,Cryptocentrus aurora,unk,鲈形目
红线古b,Amblygobius rainfordi,unk,鲈形目
红面古b,Elacatinus puncticulatus,unk,鲈形目
黑雪怪,Cryptocentrus fasciatus,unk,鲈形目
横口古b,Plagiotremus rhinorhynchos,unk,鲈形目
黑白蓝点古b,Eviota bimaculata,unk,鲈形目
条纹古b,Stonogobiops xanthorhinca,unk,鲈形目
白尾蓝仙,Holacanthus limbaughi,unk,鲈形目
军佬,Apolemichthy armitagei,unk,鲈形目
毛里求斯蓝仙,Centropyge debelius,unk,鲈形目
金蝴蝶,Chaetodontoplus septentrionalis,unk,鲈形目
日本仙,Angelichthys interruptus,unk,鲈形目
面具仙,Genicanthus personatus,unk,鲈形目
熊猫仙,Chaetodontoplus ballinae,unk,鲈形目
君子仙,Centropyge boylei,unk,鲈形目
老虎仙,Apolemichthys kingi,unk,鲈形目
复活岛仙,Centropyge hotumatua,unk,鲈形目
排骨蝶,Chaetodon Trifascialis,unk,鲈形目
加纳蝶,Chaetodon robustus,unk,鲈形目
四眼蝶,Chaetodon capistratus,unk,鲈形目
三纹蝶,Chaetodon tricinctus,unk,鲈形目
史密夫蝶,Chaetodon smithi,unk,鲈形目
暗带蝶,Chaetodon nippon,unk,鲈形目
红海亚拉伯蝶,Chaetodon Melapterus,unk,鲈形目
太阳蝶,Chaetodon Melannotus,unk,鲈形目
蓝线蝶,Chaetodon fremblii,unk,鲈形目
西澳黑毕毕,Chelmon muelleri,unk,鲈形目
红海骑士,Acanthurus sohal,unk,鲈形目
彩虹倒吊,Acanthurus lineatus,unk,鲈形目
灰吊,Acanthurus leucocheilus,unk,鲈形目
粉吊,Acanthurus leucosternon,unk,鲈形目
五彩吊,Acanthurus glaucopareius，Acanthurus,unk,鲈形目
七彩吊,Acanthurus japonicus,unk,鲈形目
珍珠大帆吊,Zebrasoma veliferum,unk,鲈形目
西瓜吊,Ctenochaetus binotatus,unk,鲈形目
白点吊,Acanthurus guttatus,unk,鲈形目
巧克力吊,Acanthurus pyroferus,unk,鲈形目
蓝线鹦鹉,Cirrhilabrus lineatus,unk,鲈形目
八线彩虹鹦鹉,Paracheilinus octotaenia,unk,鲈形目
八线龙,Pseudocheilinus octotaenia,unk,鲈形目
彩虹龙,Thalassoma lucasanum,unk,鲈形目
藩王,Choerodon fasciatus,unk,鲈形目
康狄鹦鹉,Cirrhilabrus condei,unk,鲈形目
紫头鹦鹉,Cirrhilabrus cyanopleura,unk,鲈形目
红龙,Coris gaimard,unk,鲈形目
赤红龙,Bodianus scrofa,unk,鲈形目
吐丝彩鹦鹉,Cirrhilabrus tonozukai,unk,鲈形目
夏威夷番茄（雀鲷科）,Amphiprion nigripes,unk,鲈形目
罗德豪小丑,Amphiprion mccullochi,unk,鲈形目
蓝纹新娘,Amphiprion chrysopterus,unk,鲈形目
马鞍小丑,Amphiprion polymnus,unk,鲈形目
三带小丑,Amphiprion tricinctus,unk,鲈形目
东非黄肚橙公,Amphiprion akallopisos,unk,鲈形目
咖啡小丑,Amphiprion perideraion,unk,鲈形目
澳洲黑豹小丑,Amphiprion latezonatus,unk,鲈形目
金新娘,Amphiprion sebae,unk,鲈形目
黑斑小丑,Amphiprion melanopus,unk,鲈形目
燕尾蓝魔,Chromis cyaneus,unk,鲈形目
金燕子,Neoglyphidodon nigroris,unk,鲈形目
红燕,Neoglyphidodon crossi,unk,鲈形目
太阳魔,Neoglyphidodon polyacanthus,unk,鲈形目
公主魔（臃肿）,Pomacentrus vaiuli,unk,鲈形目
黑线魔,Chromis retrofasciata,unk,鲈形目
柠檬魔,Amblyglyphidodon aureus,unk,鲈形目
西澳魔,Stegastes diencaeus,unk,鲈形目
画眉魔,Chromis nitida,unk,鲈形目
长须神仙,Alectis ciliaris,unk,鲈形目
条纹蝶,Microcanthus strigatus,unk,鲈形目
珍珠燕,Serranocirrhitus latus,unk,鲈形目
金毛巾,Pygoplites diacanthus,unk,鲈形目
半月神仙,Pomacanthus maculosus,unk,鲈形目
眼带神仙,Chaetodontoplus duboulayi,unk,鲈形目
蓝宝神仙,Genicanthus watanabei,unk,鲈形目
蓝面神仙,Pomacanthus xanthometopon,unk,鲈形目
东非火背仙,Centropyge acanthops,unk,鲈形目
拿克奇,Centropyge nahackyi,unk,鲈形目
美国石美人,Holacanthus tricolor,unk,鲈形目
灰神仙,Pomacanthus arcuatus,unk,鲈形目
大花脸,Pomacanthus imperator,unk,鲈形目
澳洲蓝脸,Chaetodontoplus meredithi,unk,鲈形目
法国神仙,Pomacanthus paru,unk,鲈形目
耳斑神仙,Pomacanthus chrysurus,unk,鲈形目
马鞍,Pomacanthus navarchus,unk,鲈形目
金圈神仙,Pomacanthus zonipectus,unk,鲈形目
国王神仙,Holacanthus passer,unk,鲈形目
六带神仙,Pomacanthus sexstriatus,unk,鲈形目
火背仙,centropyge aurantonotus,unk,鲈形目
紫天堂,Gramma loreto,unk,鲈形目
虎皮神仙,Genicanthus melanospilos,unk,鲈形目
侏儒仙,centropyge flavicauda,unk,鲈形目
喷射机,Ptereleotris evides,unk,鲈形目
内衬镖,Ptereleotris grammica,unk,鲈形目
九线虾虎,Ginsburgellus novemlineatus,unk,鲈形目
红线鸳鸯,Hoplolatilus marcosi,unk,鲈形目
大蓝纹,Pomacanthus semicirculatus,unk,鲈形目
格士,Apolemichys Griffisi,unk,鲈形目
玫瑰岛,Pseudoplesiops rosae,unk,鲈形目
棘月,Genicanthus spinus,unk,鲈形目
虎皮新娘,Genicanthus semifasciatus,unk,鲈形目
斑点仙,Genicanthus Takeuchii,unk,鲈形目
灰仙皇,Chaetodontoplus melanosoma,unk,鲈形目
黑面神仙,Chaetodontoplus personifer,unk,鲈形目
肥皂,Belonoperca chabanaudi,unk,鲈形目
东非珠仙,Apolemichthys xanthotis,unk,鲈形目
太后仙,Holacanthus ciliaris,unk,鲈形目
红海虎皮王,Genicanthus caudovittatus,unk,鲈形目
半月神仙,Genicanthus semicinctus,unk,鲈形目
贵妇仙,Pomacanthus rhomboides,unk,鲈形目
阿拉伯仙,Pomacanthus asfur,unk,鲈形目
蓝环仙,Pomacanthus annularis,unk,鲈形目
月蝶,Genicanthus lamarck,unk,鲈形目
珠仙,Apolemichthys xanthurus,unk,鲈形目
斑马虾虎,ptereleotris zebra,unk,鲈形目
蓝面方头,hoplolatius starki,unk,鲈形目
蓝线鸳鸯,lythrypnus dalli,unk,鲈形目
红线虾虎,amblygobius rainfordi,unk,鲈形目
工兵虾虎,pholidichthys leucotaenia,unk,鲈形目
雷达,nemateleotris magnifica,unk,鲈形目
紫玉雷达,nemateleotris helfrichi,unk,鲈形目
条纹虾虎,stonogobiops xanthorhinca,unk,鲈形目
今点虾虎,amblyeleotris guttata,unk,鲈形目
大帆虾虎,amblyeleotris randalli,unk,鲈形目
粉条虾虎,cryptocentrus aurora,unk,鲈形目
紫鸳鸯,hoplolatilus purpureus,unk,鲈形目
尾斑虾虎,amblygobius phalaena,unk,鲈形目
蓝点虾虎,valenciennea sexguttata,unk,鲈形目
蓝纹虾虎,valenciennea strigata,unk,鲈形目
两点虾虎,signigobius biacellatus,unk,鲈形目
蓝点哨兵,cryptocentrus pavononoides,unk,鲈形目
钻石哨兵,valencienna puellaris,unk,鲈形目
斑点哨兵,cryptocentrus leptocephals,unk,鲈形目
老虎哨兵,valencienna wardii,unk,鲈形目
车夫哨兵,amblyeleotris wheeleri,unk,鲈形目
黄哨兵,cryptocentrus cinctus,unk,鲈形目
单色轰炸机,lythrypnus zebra,unk,鲈形目
绿纹虾虎,gobiosoma multifaciatum,unk,鲈形目
青虾虎,Ptereleotris heteroptera,unk,鲈形目
红线方头鱼,Hoplolatius marcosi,unk,鲈形目
五彩虾虎,Gunnelichthys curiosus,unk,鲈形目
橙纹虾虎,Amblygobius decussatus,unk,鲈形目
轨道虾虎,Valenciennea helsdingeni,unk,鲈形目
斑纹虾虎,Valenciennea longipinnis,unk,鲈形目
黑天线,Stonogobiops nematodes,unk,鲈形目
史氏虾虎,Amblyeleotris steinitzi,unk,鲈形目
白天线,Stonogobiops yashia,unk,鲈形目
卢氏虾虎,Cryptocentrus lutheri,unk,鲈形目
绿小丑,Gobiodon atrangulatus,unk,鲈形目
褐小丑,Gobiodon spp.,unk,鲈形目
黄小丑,Gobiodon okinawae,unk,鲈形目
熊猫小丑,Paragobius lacunicolus,unk,鲈形目
柠檬小丑,gobiodon citirnis,unk,鲈形目
红面小丑,Elacatinus puncticulatus,unk,鲈形目
黄纹虾虎,Amblyeleotris hectori,unk,鲈形目
透明虾虎,Coryphopterus glaucofrenum,unk,鲈形目
红纹虾虎,Coryphopterus glaucofrenum,unk,鲈形目
红灯虾虎,Eviota sp.,unk,鲈形目
霓虹虾虎,Elacatinus oceanops,unk,鲈形目
金灯虾虎,Elacatinus sp,unk,鲈形目
黑小丑,Gobiodon strangulatus,unk,鲈形目
琉璃虾虎,Trimma sp.,unk,鲈形目
面具虾虎,Coryphopterus personatus,unk,鲈形目
粉红雀,Ostracion whitleyi,unk,鲈形目
医生鱼,Labroides dimidiatus,unk,鲈形目
快闪龙,Paracheilinus filamentosus,unk,鲈形目
红鹦鹉,Cirrhilabrus lubbocki,unk,鲈形目
豹龙,Macropharyngodon meleagris,unk,鲈形目
五彩鹦鹉,Cirrhilabrus luteovittatus,unk,鲈形目
黄鳍鹦鹉,Cirrhilabrus flavidorsalis,unk,鲈形目
紫头鹦鹉,Cirrhilabrus cyanopleura,unk,鲈形目
蓝线鹦鹉,Cirrhilabrus lineatus,unk,鲈形目
长鳍鹦鹉,Cirrhilabrus rubriventralis,unk,鲈形目
孔雀鹦鹉,Cirrhilabrus cf,unk,鲈形目
斑点鹦鹉,Cirrhilabrus punctatus,unk,鲈形目
黄腰鹦鹉,Cirrhilabrus lyukyuensis,unk,鲈形目
康狄鹦鹉,Cirrhilabrus condei,unk,鲈形目
丽鹦鹉,Cirrhilabrus exquisitus,unk,鲈形目
黑豹龙,Macropharyngodon sp.,unk,鲈形目
丝绒狐,Pseudocheilinus evanidus,unk,鲈形目
闪龙,Halichores iradius,unk,鲈形目
红丝绒鹦鹉,Cirrhilabrus rubrisquamis,unk,鲈形目
斯科特鹦鹉,Cirrhilabrus scottorum,unk,鲈形目
青花龙,Thalassoma lutescens,unk,鲈形目
尖嘴龙,Gomphosus varius,unk,鲈形目
角龙,Novaculichthys taeniourus,unk,鲈形目
台湾龙,Coris formosa,unk,鲈形目
红龙,Coris gaimard,unk,鲈形目
绿龙,Halichoeres chloropterus,unk,鲈形目
六间龙,Thalassoma hardwicke,unk,鲈形目
青衣龙（锦衣卫）,Thalassoma lunare,unk,鲈形目
彩虹龙,Thalassoma lucasanum,unk,鲈形目
双印龙,Coris aygula,unk,鲈形目
黄龙,Halichoeres chrysus,unk,鲈形目
紫面龙,Thalassoma quinquevittatum,unk,鲈形目
闪电龙,Halichoeres cyanocephalus,unk,鲈形目
鞍背龙,Thalassoma jansenii,unk,鲈形目
蓝纹狐,Anampses femininus,unk,鲈形目
荧光龙,lichoeres garnoti,unk,鲈形目
橙线龙,Halichoeres melanurus,unk,鲈形目
黄紫龙,Halichoeres trispilus,unk,鲈形目
黄胸莺鲷,Anampses twistii,unk,鲈形目
Klunzinger的隆头鱼,Thalassoma klunzingeri,unk,鲈形目
环纹鹦鹉,Cirrhilabrus balteatus,unk,鲈形目
丝鳍鲷,Cirrhilabrus sp.,unk,鲈形目
豹鳚,Exallias brevis,unk,鲈形目
线纹鳚,Ecsenius lineatus,unk,鲈形目
班节鳚,Salarias segmentatus,unk,鲈形目
万那度鳚（虾虎）,Cirripectes stigmaticus,unk,鲈形目
管鳚,Acanthemblemaria macrospilus,unk,鲈形目
澳洲凤鳚,Salarias ramosus,unk,鲈形目
双斑鳚,Ecsenius bimaculatus,unk,鲈形目
马面鳚,Ophioblennius steindachneri,unk,鲈形目
角鳚,Parablennius intermedius,unk,鲈形目
斑马鳚,Meiacanthus grammistes,unk,鲈形目
金黄鳚,Ecsenius midas,unk,鲈形目
稀棘鳚,Meiacanthus atrodorsalis,unk,鲈形目
黄鸳鸯,Meiacanthus oualanensis,unk,鲈形目
黑线鸳鸯,Meiacanthus nigrolineatus,unk,鲈形目
琴尾鸳鸯,Meiacanthus mossambicus,unk,鲈形目
西瓜刨,Salarias fasciatus,unk,鲈形目
双色鳚,Ecsenius bicolor,unk,鲈形目
子弹虾虎,Amblygobius semicinctus,unk,鲈形目
黑线虾虎,Valenciennea helsdingenii,unk,鲈形目
橙斑虾虎,Amblygobius decussatus,unk,鲈形目
虎纹虾虎,Valenciennea wardii,unk,鲈形目
四驱车,Signigobius biocellatus,unk,鲈形目
金头虾虎,valenciennea strigata,unk,鲈形目
蓝纹洞穴虾虎,Trimma tevegae,unk,鲈形目
黄绿虾虎,Priolepis aureoviridis,unk,鲈形目
伪装虾虎,Coryphopterus personatus,unk,鲈形目
金灯虾虎,Elacatinus horsti,unk,鲈形目
蓝灯虾虎,Elacatinus oceanops,unk,鲈形目
红灯虾虎,Eviota pellucida,unk,鲈形目
蟋蟀（褐色种）,Gobiodon sp.,unk,鲈形目
蟋蟀（黄色种）,Gobiodon okinawae,unk,鲈形目
蟋蟀（柠檬色种）,Gobiodon citrinus,unk,鲈形目
斑马血虾虎,lythrypnus zebra,unk,鲈形目
小虾虎,amblygobius rainfordi,unk,鲈形目
阿岛拟雀鲷,Pseudochromis aldabraensis,unk,鲈形目
蓝带准雀鲷,Pseudochromis cyanotaenia,unk,鲈形目
紫背草莓,Pseudochromis diadema,unk,鲈形目
草莓,Pseudochromis porphyreus,unk,鲈形目
日出龙,Pseudochromis flavivertex,unk,鲈形目
蓝线,Pseudochromis springeri,unk,鲈形目
双色草莓,Pseudochromis paccagnella,unk,鲈形目
黄鲈,Diploprion bifasciatum,unk,鲈形目
六线妞妞,Plectorhinchus lineatus,unk,鲈形目
双带石鲈,Plectorhinchus diagrammus,unk,鲈形目
美国立皇,Anisotremus virginicus,unk,鲈形目
妞妞,Plectorhinchus albovittatus,unk,鲈形目
燕子花旦,Plectorhinchus chaetodonoides,unk,鲈形目
